-- phpMyAdmin SQL Dump
-- version 5.1.2
-- https://www.phpmyadmin.net/
--
-- Хост: localhost:3306
-- Время создания: Июн 05 2023 г., 06:51
-- Версия сервера: 5.7.24
-- Версия PHP: 8.0.1

SET SQL_MODE = "NO_AUTO_VALUE_ON_ZERO";
START TRANSACTION;
SET time_zone = "+00:00";


/*!40101 SET @OLD_CHARACTER_SET_CLIENT=@@CHARACTER_SET_CLIENT */;
/*!40101 SET @OLD_CHARACTER_SET_RESULTS=@@CHARACTER_SET_RESULTS */;
/*!40101 SET @OLD_COLLATION_CONNECTION=@@COLLATION_CONNECTION */;
/*!40101 SET NAMES utf8mb4 */;

--
-- База данных: `bookshop`
--

-- --------------------------------------------------------

--
-- Структура таблицы `bookdes`
--

CREATE TABLE `bookdes` (
  `DesID` int(11) NOT NULL,
  `dates` date DEFAULT NULL,
  `format` varchar(64) DEFAULT NULL,
  `new` varchar(8) DEFAULT NULL,
  `pages` int(11) NOT NULL,
  `printing` int(11) NOT NULL,
  `category` varchar(128) DEFAULT NULL,
  `theme` varchar(196) DEFAULT NULL,
  `price` float DEFAULT NULL,
  `code` varchar(16) NOT NULL
) ENGINE=InnoDB DEFAULT CHARSET=utf8;

--
-- Дамп данных таблицы `bookdes`
--

INSERT INTO `bookdes` (`DesID`, `dates`, `format`, `new`, `pages`, `printing`, `category`, `theme`, `price`, `code`) VALUES
(1, '2000-07-24', '70х100/16', 'No', 400, 5000, 'Підручники', 'Використання ПК в цілому', 15.51, '5110'),
(2, '2000-07-07', '70х100/16', 'No', 288, 5000, 'Підручники', 'Використання ПК в цілому', 15.9, '4985'),
(3, '2000-09-29', '70х100/16', 'No', 384, 5000, 'Підручники', 'Використання ПК в цілому', 37.8, '5141'),
(4, '2000-06-15', '70х100/16', 'No', 256, 5000, 'Підручники', 'Використання ПК в цілому', 11.58, '5127'),
(5, '2000-07-24', '70х100/16', 'No', 400, 5000, 'Апаратні засоби ПК', 'Використання ПК в цілому', 15.51, '5110'),
(6, '2000-02-12', '70х100/16', 'No', 368, 5000, 'Апаратні засоби ПК', 'Використання ПК в цілому', 30.07, '5199'),
(7, NULL, '84х108/16', 'No', 480, 5000, 'Захист і безпека ПК', 'Використання ПК в цілому', 26, '3851'),
(8, '2000-06-09', '60х88/16', 'No', 144, 5000, 'Інші книги', 'Використання ПК в цілому', 7.65, '3932'),
(9, '2000-02-22', '70х100/16', 'No', 144, 5000, 'Інші книги', 'Використання ПК в цілому', 11.41, '4713'),
(10, '2000-04-28', '70х100/16', 'No', 320, 5000, 'Windows 2000', 'Операційні системи', 16.57, '5170'),
(11, '2000-09-29', '70х100/16', 'No', 320, 5000, 'Windows 2000', 'Операційні системи', 27.25, '4829'),
(12, '2000-09-29', '70х100/16', 'No', 346, 5000, 'Linux', 'Операційні системи', 24.43, '5170'),
(13, '1997-05-05', '84х100/16', 'No', 395, 5000, 'Unix', 'Операційні системи', 3.5, '860'),
(14, '1996-03-20', '60х84/16', 'No', 352, 5000, 'Інші операційні системи', 'Операційні системи', 5, '44'),
(15, '2000-10-10', NULL, 'No', 306, 5000, 'Інші операційні системи', 'Операційні системи', 12.79, '5176'),
(16, '2000-12-12', '84х108/16', 'No', 656, 5000, 'C&C++', 'Програмування', 29, '5462'),
(17, '2000-12-07', '84х108/16', 'No', 432, 5000, 'C&C++', 'Програмування', 29, '4982'),
(18, '2000-03-02', '70х100/16', 'No', 240, 5000, 'C&C++', 'Програмування', 17.6, '4687'),
(19, NULL, '60х90/16', 'No', 288, 400, 'Інші книги', 'Використання ПК в цілому', NULL, '235'),
(20, '2018-07-25', '60х84/16', 'Yes', 418, 100, 'SQL', 'Програмування', NULL, '8746'),
(21, '2015-11-03', '60х84/16', 'Yes', 216, 500, 'Інші операційні системи', 'Програмування', 0, '2154'),
(22, '2001-10-10', '60х90/16', 'No', 208, 1000, 'SQL', 'Програмування', 0, '2662'),
(23, '2015-12-15', '70х100/16', 'Yes', 384, 5000, 'SQL', 'Програмування', 0, '5641');

-- --------------------------------------------------------

--
-- Структура таблицы `books`
--

CREATE TABLE `books` (
  `number` int(11) NOT NULL,
  `bookname` varchar(196) NOT NULL,
  `PublishID` int(11) NOT NULL,
  `DesID` int(11) NOT NULL
) ENGINE=InnoDB DEFAULT CHARSET=utf8;

--
-- Дамп данных таблицы `books`
--

INSERT INTO `books` (`number`, `bookname`, `PublishID`, `DesID`) VALUES
(2, 'Апаратні засоби мультимедіа. Відеосистема РС', 1, 1),
(8, 'Засвой самостійно модернізацію та ремонт ПК за 24 години, 2-ге вид.', 2, 2),
(9, 'Структури даних та алгоритми', 2, 3),
(20, 'Автоматизація інженерно-графічних робіт', 1, 4),
(31, 'Апаратні засоби мультимедіа. Відеосистема РС', 1, 5),
(46, 'Залізо IBM 2001', 3, 6),
(50, 'Захист інформації та безпека комп`ютерних систем', 4, 7),
(58, 'Як перетворити персональний комп`ютер на вимірювальний комплекс', 5, 8),
(59, 'Plug-ins. Додаткові програми для музичних програм', 5, 9),
(175, 'Windows МЕ. Найновіші версії програм', 6, 10),
(176, 'Windows 2000 Professional крок за кроком з CD', 7, 11),
(188, 'Linux версії', 5, 12),
(191, 'Операційна система UNIX', 1, 13),
(203, 'Відповіді на актуальні запитання щодо OS/2 Warp', 4, 14),
(206, 'Windows Ме. Супутник користувача', 1, 15),
(209, 'Мова програмування С++. Лекції та вправи', 4, 16),
(210, 'Мова програмування С. Лекції та вправи', 4, 17),
(220, 'Ефективне використання C++ .50 рекомендацій щодо покращення ваших програм та проектів', 5, 18),
(222, 'Інформаційні системи і структури даних', 8, 19),
(225, 'Бази даних в інформаційних системах', 9, 20),
(226, 'Сервер на основі операційної системи FreeBSD 6.1', 9, 21),
(245, 'Організація баз даних та знань', 10, 22),
(247, 'Організація баз даних та знань', 1, 23);

-- --------------------------------------------------------

--
-- Структура таблицы `publishment`
--

CREATE TABLE `publishment` (
  `PublishID` int(11) NOT NULL,
  `publishhouse` varchar(128) NOT NULL
) ENGINE=InnoDB DEFAULT CHARSET=utf8;

--
-- Дамп данных таблицы `publishment`
--

INSERT INTO `publishment` (`PublishID`, `publishhouse`) VALUES
(1, 'Видавнича група BHV'),
(2, 'Вільямс'),
(3, 'МикроАрт'),
(4, 'DiaSoft'),
(5, 'ДМК'),
(6, 'Триумф'),
(7, 'Эком'),
(8, 'Києво-Могилянська академія'),
(9, 'Університет \"Україна\"'),
(10, 'Вінниця: ВДТУ');

--
-- Индексы сохранённых таблиц
--

--
-- Индексы таблицы `bookdes`
--
ALTER TABLE `bookdes`
  ADD PRIMARY KEY (`DesID`),
  ADD KEY `Numid` (`DesID`);

--
-- Индексы таблицы `books`
--
ALTER TABLE `books`
  ADD PRIMARY KEY (`number`);

--
-- Индексы таблицы `publishment`
--
ALTER TABLE `publishment`
  ADD PRIMARY KEY (`PublishID`),
  ADD KEY `id` (`PublishID`);

--
-- AUTO_INCREMENT для сохранённых таблиц
--

--
-- AUTO_INCREMENT для таблицы `publishment`
--
ALTER TABLE `publishment`
  MODIFY `PublishID` int(11) NOT NULL AUTO_INCREMENT, AUTO_INCREMENT=11;
COMMIT;

/*!40101 SET CHARACTER_SET_CLIENT=@OLD_CHARACTER_SET_CLIENT */;
/*!40101 SET CHARACTER_SET_RESULTS=@OLD_CHARACTER_SET_RESULTS */;
/*!40101 SET COLLATION_CONNECTION=@OLD_COLLATION_CONNECTION */;
